"","Survived","Pclass","Sex","Age","SibSp","Parch","Fare","Cabin","Embarked","Title","Group"
"1",0,3,"male",22,1,0,7.25,"NO","S","Mr",1
"2",1,1,"female",38,1,0,35.64165,"C","C","Mrs",2
"3",1,3,"female",26,0,0,7.925,"NO","S","Miss",1
"4",1,1,"female",35,1,0,26.55,"C","S","Mrs",2
"5",0,3,"male",35,0,0,8.05,"NO","S","Mr",1
"6",0,3,"male",21,0,0,8.4583,"NO","Q","Mr",1
"7",0,1,"male",54,0,0,25.93125,"E","S","Mr",2
"8",0,3,"male",2,3,1,4.215,"NO","S","Master",5
"9",1,3,"female",27,0,2,3.7111,"NO","S","Mrs",3
"10",1,2,"female",14,1,0,15.0354,"NO","C","Mrs",2
"11",1,3,"female",4,1,1,5.56666666666667,"G","S","Miss",3
"12",1,1,"female",58,0,0,26.55,"C","S","Miss",1
"13",0,3,"male",20,0,0,8.05,"NO","S","Mr",1
"14",0,3,"male",39,1,5,4.46785714285714,"NO","S","Mr",7
"15",0,3,"female",14,0,0,7.8542,"NO","S","Miss",1
"16",1,2,"female",55,0,0,16,"NO","S","Mrs",1
"17",0,3,"male",2,4,1,4.85416666666667,"NO","Q","Master",6
"18",1,2,"male",32.5,0,0,13,"NO","S","Mr",1
"19",0,3,"female",31,1,0,9,"NO","S","Mrs",2
"20",1,3,"female",20,0,0,7.225,"NO","C","Mrs",1
"21",0,2,"male",35,0,0,13,"NO","S","Mr",2
"22",1,2,"male",34,0,0,13,"D","S","Mr",1
"23",1,3,"female",15,0,0,8.0292,"NO","Q","Miss",1
"24",1,1,"male",28,0,0,35.5,"A","S","Mr",1
"25",0,3,"female",8,3,1,4.215,"NO","S","Miss",5
"26",1,3,"female",38,1,5,4.48392857142857,"NO","S","Mrs",7
"27",0,3,"male",40,0,0,7.225,"NO","C","Mr",1
"28",0,1,"male",19,3,2,43.8333333333333,"C","S","Mr",6
"29",1,3,"female",26,0,0,7.8792,"NO","Q","Miss",1
"30",0,3,"male",28,0,0,7.8958,"NO","S","Mr",1
"31",0,1,"male",40,0,0,27.7208,"NO","C","other",1
"32",1,1,"female",23,1,0,48.8402666666667,"B","C","Mrs",3
"33",1,3,"female",22,0,0,7.75,"NO","Q","Miss",1
"34",0,2,"male",66,0,0,10.5,"NO","S","Mr",1
"35",0,1,"male",28,1,0,41.0854,"NO","C","Mr",2
"36",0,1,"male",42,1,0,26,"NO","S","Mr",2
"37",1,3,"male",20,0,0,7.2292,"NO","C","Mr",1
"38",0,3,"male",21,0,0,8.05,"NO","S","Mr",1
"39",0,3,"female",18,2,0,9,"NO","S","Miss",2
"40",1,3,"female",14,1,0,5.62085,"NO","C","Miss",2
"41",0,3,"female",40,1,0,9.475,"NO","S","Mrs",1
"42",0,2,"female",27,1,0,10.5,"NO","S","Mrs",2
"43",0,3,"male",28,0,0,7.8958,"NO","C","Mr",1
"44",1,2,"female",3,1,2,10.3948,"NO","C","Miss",4
"45",1,3,"female",19,0,0,7.8792,"NO","Q","Miss",1
"46",0,3,"male",21,0,0,8.05,"NO","S","Mr",1
"47",0,3,"male",32,1,0,7.75,"NO","Q","Mr",2
"48",1,3,"female",22,0,0,7.75,"NO","Q","Miss",1
"49",0,3,"male",18,2,0,7.2264,"NO","C","Mr",3
"50",0,3,"female",18,1,0,8.9,"NO","S","Mrs",2
"51",0,3,"male",7,4,1,5.66964285714286,"NO","S","Master",7
"52",0,3,"male",21,0,0,7.8,"NO","S","Mr",1
"53",1,1,"female",49,1,0,25.5764,"D","C","Mrs",3
"54",1,2,"female",29,1,0,13,"NO","S","Mrs",2
"55",0,1,"male",65,0,1,30.9896,"B","C","Mr",2
"56",1,1,"male",40,0,0,35.5,"C","S","Mr",1
"57",1,2,"female",21,0,0,10.5,"NO","S","Miss",1
"58",0,3,"male",28.5,0,0,7.2292,"NO","C","Mr",1
"59",1,2,"female",5,1,2,6.9375,"NO","S","Miss",4
"60",0,3,"male",11,5,2,5.8625,"NO","S","Master",8
"61",0,3,"male",22,0,0,7.2292,"NO","C","Mr",1
"62",1,1,"female",38,0,0,40,"B","S","Miss",2
"63",0,1,"male",45,1,0,41.7375,"C","S","Mr",2
"64",0,3,"male",4,3,2,4.65,"NO","S","Master",6
"65",0,1,"male",40,0,0,27.7208,"NO","C","Mr",1
"66",1,3,"male",9,1,1,5.08193333333333,"NO","C","Master",3
"67",1,2,"female",29,0,0,10.5,"F","S","Mrs",1
"68",0,3,"male",19,0,0,8.1583,"NO","S","Mr",1
"69",1,3,"female",17,4,2,7.925,"NO","S","Miss",1
"70",0,3,"male",26,2,0,8.6625,"NO","S","Mr",1
"71",0,2,"male",32,0,0,10.5,"NO","S","Mr",1
"72",0,3,"female",16,5,2,5.8625,"NO","S","Miss",8
"73",0,2,"male",21,0,0,10.5,"NO","S","Mr",7
"74",0,3,"male",26,1,0,7.2271,"NO","C","Mr",2
"75",1,3,"male",32,0,0,7.061975,"NO","S","Mr",8
"76",0,3,"male",25,0,0,7.65,"F","S","Mr",1
"77",0,3,"male",28,0,0,7.8958,"NO","S","Mr",1
"78",0,3,"male",21,0,0,8.05,"NO","S","Mr",1
"79",1,2,"male",0.83,0,2,9.66666666666667,"NO","S","Master",3
"80",1,3,"female",30,0,0,6.2375,"NO","S","Miss",2
"81",0,3,"male",22,0,0,9,"NO","S","Mr",1
"82",1,3,"male",29,0,0,9.5,"NO","S","Mr",1
"83",1,3,"female",22,0,0,7.7875,"NO","Q","Miss",1
"84",0,1,"male",28,0,0,23.55,"NO","S","Mr",2
"85",1,2,"female",17,0,0,10.5,"NO","S","Miss",1
"86",1,3,"female",33,3,0,7.925,"NO","S","Mrs",2
"87",0,3,"male",16,1,3,6.875,"NO","S","Mr",5
"88",0,3,"male",21,0,0,8.05,"NO","S","Mr",1
"89",1,1,"female",23,3,2,43.8333333333333,"C","S","Miss",6
"90",0,3,"male",24,0,0,8.05,"NO","S","Mr",1
"91",0,3,"male",29,0,0,8.05,"NO","S","Mr",1
"92",0,3,"male",20,0,0,7.8542,"NO","S","Mr",1
"93",0,1,"male",46,1,0,30.5875,"E","S","Mr",2
"94",0,3,"male",26,1,2,5.14375,"NO","S","Mr",4
"95",0,3,"male",59,0,0,7.25,"NO","S","Mr",1
"96",0,3,"male",21,0,0,8.05,"NO","S","Mr",1
"97",0,1,"male",71,0,0,34.6542,"A","C","Mr",1
"98",1,1,"male",23,0,1,31.67915,"D","C","Mr",2
"99",1,2,"female",34,0,1,11.5,"NO","S","Mrs",2
"100",0,2,"male",34,1,0,13,"NO","S","Mr",2
"101",0,3,"female",28,0,0,7.8958,"NO","S","Miss",1
"102",0,3,"male",28,0,0,7.8958,"NO","S","Mr",1
"103",0,1,"male",21,0,1,38.64375,"D","S","Mr",2
"104",0,3,"male",33,0,0,8.6542,"NO","S","Mr",1
"105",0,3,"male",37,2,0,7.925,"NO","S","Mr",1
"106",0,3,"male",28,0,0,7.8958,"NO","S","Mr",1
"107",1,3,"female",21,0,0,7.65,"NO","S","Miss",1
"108",1,3,"male",22,0,0,7.775,"NO","S","Mr",1
"109",0,3,"male",38,0,0,7.8958,"NO","S","Mr",1
"110",1,3,"female",24,1,0,8.05,"NO","Q","Miss",3
"111",0,1,"male",47,0,0,26,"C","S","Mr",2
"112",0,3,"female",14.5,1,0,7.2271,"NO","C","Miss",2
"113",0,3,"male",22,0,0,8.05,"NO","S","Mr",1
"114",0,3,"female",20,1,0,9.825,"NO","S","Miss",1
"115",0,3,"female",17,0,0,7.22915,"NO","C","Miss",2
"116",0,3,"male",21,0,0,7.925,"NO","S","Mr",1
"117",0,3,"male",70.5,0,0,7.75,"NO","Q","Mr",1
"118",0,2,"male",29,1,0,10.5,"NO","S","Mr",2
"119",0,1,"male",24,0,1,82.5069333333333,"B","C","Mr",3
"120",0,3,"female",2,4,2,4.46785714285714,"NO","S","Miss",7
"121",0,2,"male",21,2,0,10.5,"NO","S","Mr",7
"122",0,3,"male",21,0,0,8.05,"NO","S","Mr",1
"123",0,2,"male",32.5,1,0,15.0354,"NO","C","Mr",2
"124",1,2,"female",32.5,0,0,13,"E","S","Miss",1
"125",0,1,"male",54,0,1,38.64375,"D","S","Mr",2
"126",1,3,"male",12,1,0,5.62085,"NO","C","Master",2
"127",0,3,"male",65,0,0,7.75,"NO","Q","Mr",1
"128",1,3,"male",24,0,0,7.1417,"NO","S","Mr",1
"129",1,3,"female",31,1,1,7.45276666666667,"F","C","Miss",3
"130",0,3,"male",45,0,0,6.975,"NO","S","Mr",1
"131",0,3,"male",33,0,0,7.8958,"NO","C","Mr",1
"132",0,3,"male",20,0,0,7.05,"NO","S","Mr",1
"133",0,3,"female",47,1,0,7.25,"NO","S","Mrs",2
"134",1,2,"female",29,1,0,13,"NO","S","Mrs",2
"135",0,2,"male",25,0,0,13,"NO","S","Mr",1
"136",0,2,"male",23,0,0,15.0458,"NO","C","Mr",1
"137",1,1,"female",19,0,2,26.2833,"D","S","Miss",1
"138",0,1,"male",37,1,0,26.55,"C","S","Mr",2
"139",0,3,"male",16,0,0,4.60835,"NO","S","Mr",2
"140",0,1,"male",24,0,0,39.6,"B","C","Mr",2
"141",0,3,"female",40.5,0,2,5.08193333333333,"NO","C","Mrs",3
"142",1,3,"female",22,0,0,7.75,"NO","S","Miss",1
"143",1,3,"female",24,1,0,7.925,"NO","S","Mrs",2
"144",0,3,"male",19,0,0,6.75,"NO","Q","Mr",1
"145",0,2,"male",18,0,0,11.5,"NO","S","Mr",1
"146",0,2,"male",19,1,1,9.1875,"NO","S","Mr",4
"147",1,3,"male",27,0,0,7.7958,"NO","S","Mr",1
"148",0,3,"female",9,2,2,6.875,"NO","S","Miss",5
"149",0,2,"male",36.5,0,2,8.66666666666667,"F","S","Mr",3
"150",0,2,"male",42,0,0,13,"NO","S","other",1
"151",0,2,"male",51,0,0,12.525,"NO","S","other",1
"152",1,1,"female",22,1,0,33.3,"C","S","Mrs",2
"153",0,3,"male",55.5,0,0,8.05,"NO","S","Mr",1
"154",0,3,"male",40.5,0,2,4.83333333333333,"NO","S","Mr",3
"155",0,3,"male",22,0,0,7.3125,"NO","S","Mr",1
"156",0,1,"male",51,0,1,30.6896,"NO","C","Mr",2
"157",1,3,"female",16,0,0,7.7333,"NO","Q","Miss",1
"158",0,3,"male",30,0,0,8.05,"NO","S","Mr",1
"159",0,3,"male",33,0,0,8.6625,"NO","S","Mr",1
"160",0,3,"male",11,8,2,6.32272727272727,"NO","S","Master",11
"161",0,3,"male",44,0,1,8.05,"NO","S","Mr",2
"162",1,2,"female",40,0,0,7.875,"NO","S","Mrs",2
"163",0,3,"male",26,0,0,7.775,"NO","S","Mr",1
"164",0,3,"male",17,0,0,8.6625,"NO","S","Mr",1
"165",0,3,"male",1,4,1,5.66964285714286,"NO","S","Master",7
"166",1,3,"male",9,0,2,6.84166666666667,"NO","S","Master",3
"167",1,1,"female",22,0,1,27.5,"E","S","Mrs",2
"168",0,3,"female",45,1,4,4.65,"NO","S","Mrs",6
"169",0,1,"male",62,0,0,25.925,"NO","S","Mr",1
"170",0,3,"male",28,0,0,7.061975,"NO","S","Mr",8
"171",0,1,"male",61,0,0,33.5,"B","S","Mr",1
"172",0,3,"male",4,4,1,4.85416666666667,"NO","Q","Master",6
"173",1,3,"female",1,1,1,3.7111,"NO","S","Miss",3
"174",0,3,"male",21,0,0,7.925,"NO","S","Mr",1
"175",0,1,"male",56,0,0,30.6958,"A","C","Mr",1
"176",0,3,"male",18,1,1,7.8542,"NO","S","Mr",1
"177",0,3,"male",3,3,1,5.09334,"NO","S","Master",5
"178",0,1,"female",50,0,0,28.7125,"C","C","Miss",1
"179",0,2,"male",30,0,0,13,"NO","S","Mr",1
"180",0,3,"male",36,0,0,0,"NO","S","Mr",4
"181",0,3,"female",11,8,2,6.32272727272727,"NO","S","Miss",11
"182",0,2,"male",47,0,0,15.05,"NO","C","Mr",1
"183",0,3,"male",9,4,2,4.48392857142857,"NO","S","Master",7
"184",1,2,"male",1,2,1,9.75,"F","S","Master",4
"185",1,3,"female",4,0,2,7.34166666666667,"NO","S","Miss",3
"186",0,1,"male",54,0,0,50,"A","S","Mr",1
"187",1,3,"female",24,1,0,7.75,"NO","Q","Mrs",2
"188",1,1,"male",45,0,0,26.55,"NO","S","Mr",1
"189",0,3,"male",40,1,1,7.75,"NO","Q","Mr",2
"190",0,3,"male",36,0,0,7.8958,"NO","S","Mr",1
"191",1,2,"female",32,0,0,13,"NO","S","Mrs",1
"192",0,2,"male",19,0,0,13,"NO","S","Mr",1
"193",1,3,"female",19,1,0,7.8542,"NO","S","Miss",1
"194",1,2,"male",3,1,1,8.66666666666667,"F","S","Master",3
"195",1,1,"female",44,0,0,27.7208,"B","C","Mrs",1
"196",1,1,"female",58,0,0,48.8402666666667,"B","C","Miss",3
"197",0,3,"male",65,0,0,7.75,"NO","Q","Mr",1
"198",0,3,"male",42,0,1,8.4042,"NO","S","Mr",1
"199",1,3,"female",22,0,0,7.75,"NO","Q","Miss",1
"200",0,2,"female",24,0,0,13,"NO","S","Miss",1
"201",0,3,"male",28,0,0,9.5,"NO","S","Mr",1
"202",0,3,"male",11,8,2,6.32272727272727,"NO","S","Mr",11
"203",0,3,"male",34,0,0,6.4958,"NO","S","Mr",1
"204",0,3,"male",45.5,0,0,7.225,"NO","C","Mr",1
"205",1,3,"male",18,0,0,8.05,"NO","S","Mr",1
"206",0,3,"female",2,0,1,5.23125,"G","S","Miss",2
"207",0,3,"male",32,1,0,7.925,"NO","S","Mr",2
"208",1,3,"male",26,0,0,9.39375,"NO","C","Mr",2
"209",1,3,"female",16,0,0,7.75,"NO","Q","Miss",1
"210",1,1,"male",40,0,0,31,"A","C","Mr",1
"211",0,3,"male",24,0,0,7.05,"NO","S","Mr",1
"212",1,2,"female",35,0,0,10.5,"NO","S","Miss",2
"213",0,3,"male",22,0,0,7.25,"NO","S","Mr",1
"214",0,2,"male",30,0,0,13,"NO","S","Mr",1
"215",0,3,"male",25,1,0,7.75,"NO","Q","Mr",1
"216",1,1,"female",31,1,0,37.7583333333333,"D","C","Miss",3
"217",1,3,"female",27,0,0,7.925,"NO","S","Miss",1
"218",0,2,"male",42,1,0,13.5,"NO","S","Mr",2
"219",1,1,"female",32,0,0,38.14585,"D","C","Miss",2
"220",0,2,"male",30,0,0,10.5,"NO","S","Mr",1
"221",1,3,"male",16,0,0,8.05,"NO","S","Mr",1
"222",0,2,"male",27,0,0,13,"NO","S","Mr",1
"223",0,3,"male",51,0,0,8.05,"NO","S","Mr",1
"224",0,3,"male",28,0,0,7.8958,"NO","S","Mr",1
"225",1,1,"male",38,1,0,45,"C","S","Mr",2
"226",0,3,"male",22,0,0,9.35,"NO","S","Mr",1
"227",1,2,"male",19,0,0,10.5,"NO","S","Mr",1
"228",0,3,"male",20.5,0,0,7.25,"NO","S","Mr",1
"229",0,2,"male",18,0,0,13,"NO","S","Mr",1
"230",0,3,"female",3,3,1,5.09334,"NO","S","Miss",5
"231",1,1,"female",35,1,0,41.7375,"C","S","Mrs",2
"232",0,3,"male",29,0,0,7.775,"NO","S","Mr",1
"233",0,2,"male",59,0,0,13.5,"NO","S","Mr",1
"234",1,3,"female",5,4,2,4.48392857142857,"NO","S","Miss",7
"235",0,2,"male",24,0,0,10.5,"NO","S","Mr",1
"236",0,3,"female",24,0,0,7.55,"NO","S","Miss",1
"237",0,2,"male",44,1,0,13,"NO","S","Mr",2
"238",1,2,"female",8,0,2,8.75,"NO","S","Miss",3
"239",0,2,"male",19,0,0,10.5,"NO","S","Mr",1
"240",0,2,"male",33,0,0,12.275,"NO","S","Mr",1
"241",0,3,"female",26,1,0,7.2271,"NO","C","Miss",2
"242",1,3,"female",24,1,0,7.75,"NO","Q","Miss",2
"243",0,2,"male",29,0,0,10.5,"NO","S","Mr",1
"244",0,3,"male",22,0,0,7.125,"NO","S","Mr",1
"245",0,3,"male",30,0,0,7.225,"NO","C","Mr",1
"246",0,1,"male",44,2,0,30,"C","Q","other",3
"247",0,3,"female",25,0,0,7.775,"NO","S","Miss",1
"248",1,2,"female",24,0,2,7.25,"NO","S","Mrs",2
"249",1,1,"male",37,1,1,26.2771,"D","S","Mr",2
"250",0,2,"male",54,1,0,13,"NO","S","other",2
"251",0,3,"male",22,0,0,7.25,"NO","S","Mr",1
"252",0,3,"female",29,1,1,5.23125,"G","S","Mrs",2
"253",0,1,"male",62,0,0,26.55,"C","S","Mr",1
"254",0,3,"male",30,1,0,8.05,"NO","S","Mr",2
"255",0,3,"female",41,0,2,6.7375,"NO","S","Mrs",3
"256",1,3,"female",29,0,2,5.08193333333333,"NO","C","Mrs",3
"257",1,1,"female",38,0,0,39.6,"NO","C","Mrs",2
"258",1,1,"female",30,0,0,28.8333333333333,"B","S","Miss",3
"259",1,1,"female",35,0,0,128.0823,"NO","C","Miss",4
"260",1,2,"female",50,0,1,13,"NO","S","Mrs",2
"261",0,3,"male",65,0,0,7.75,"NO","Q","Mr",1
"262",1,3,"male",3,4,2,4.48392857142857,"NO","S","Master",7
"263",0,1,"male",52,1,1,26.55,"E","S","Mr",3
"264",0,1,"male",40,0,0,0,"B","S","Mr",1
"265",0,3,"female",65,0,0,7.75,"NO","Q","Miss",1
"266",0,2,"male",36,0,0,10.5,"NO","S","Mr",1
"267",0,3,"male",16,4,1,5.66964285714286,"NO","S","Mr",7
"268",1,3,"male",25,1,0,7.775,"NO","S","Mr",1
"269",1,1,"female",58,0,1,51.1541666666667,"C","S","Mrs",3
"270",1,1,"female",35,0,0,33.908325,"C","S","Miss",4
"271",0,1,"male",55,0,0,15.5,"NO","S","Mr",2
"272",1,3,"male",25,0,0,0,"NO","S","Mr",4
"273",1,2,"female",41,0,1,9.75,"NO","S","Mrs",2
"274",0,1,"male",37,0,1,29.7,"C","C","Mr",1
"275",1,3,"female",22,0,0,7.75,"NO","Q","Miss",1
"276",1,1,"female",63,1,0,25.9861,"D","S","Miss",3
"277",0,3,"female",45,0,0,7.75,"NO","S","Miss",1
"278",0,2,"male",32,0,0,0,"NO","S","Mr",3
"279",0,3,"male",7,4,1,4.85416666666667,"NO","Q","Master",6
"280",1,3,"female",35,1,1,6.75,"NO","S","Mrs",3
"281",0,3,"male",65,0,0,7.75,"NO","Q","Mr",1
"282",0,3,"male",28,0,0,7.8542,"NO","S","Mr",1
"283",0,3,"male",16,0,0,9.5,"NO","S","Mr",1
"284",1,3,"male",19,0,0,8.05,"NO","S","Mr",1
"285",0,1,"male",62,0,0,26,"A","S","Mr",1
"286",0,3,"male",33,0,0,8.6625,"NO","C","Mr",1
"287",1,3,"male",30,0,0,9.5,"NO","S","Mr",1
"288",0,3,"male",22,0,0,7.8958,"NO","S","Mr",1
"289",1,2,"male",42,0,0,13,"NO","S","Mr",1
"290",1,3,"female",22,0,0,7.75,"NO","Q","Miss",1
"291",1,1,"female",26,0,0,26.2833333333333,"NO","S","Miss",3
"292",1,1,"female",19,1,0,45.5396,"B","C","Mrs",2
"293",0,2,"male",36,0,0,12.875,"D","C","Mr",1
"294",0,3,"female",24,0,0,8.85,"NO","S","Miss",1
"295",0,3,"male",24,0,0,7.8958,"NO","S","Mr",1
"296",0,1,"male",40,0,0,27.7208,"NO","C","Mr",1
"297",0,3,"male",23.5,0,0,7.2292,"NO","C","Mr",1
"298",0,1,"female",2,1,2,25.2583333333333,"C","S","Miss",6
"299",1,1,"male",32,0,0,30.5,"C","S","Mr",1
"300",1,1,"female",50,0,1,82.5069333333333,"B","C","Mrs",3
"301",1,3,"female",22,0,0,7.75,"NO","Q","Miss",1
"302",1,3,"male",33,2,0,7.75,"NO","Q","Mr",3
"303",0,3,"male",19,0,0,0,"NO","S","Mr",4
"304",1,2,"female",28,0,0,12.35,"E","Q","Miss",1
"305",0,3,"male",21,0,0,8.05,"NO","S","Mr",1
"306",1,1,"male",0.92,1,2,25.2583333333333,"C","S","Master",6
"307",1,1,"female",30,0,0,27.720825,"NO","C","Miss",4
"308",1,1,"female",17,1,0,36.3,"C","C","Mrs",3
"309",0,2,"male",30,1,0,12,"NO","C","Mr",2
"310",1,1,"female",30,0,0,28.4646,"E","C","Miss",2
"311",1,1,"female",24,0,0,27.7194333333333,"C","C","Miss",3
"312",1,1,"female",18,2,2,37.4821428571429,"B","C","Miss",7
"313",0,2,"female",26,1,1,13,"NO","S","Mrs",2
"314",0,3,"male",28,0,0,7.8958,"NO","S","Mr",1
"315",0,2,"male",43,1,1,8.75,"NO","S","Mr",3
"316",1,3,"female",26,0,0,7.8542,"NO","S","Miss",1
"317",1,2,"female",24,1,0,13,"NO","S","Mrs",2
"318",0,2,"male",54,0,0,14,"NO","S","other",1
"319",1,1,"female",31,0,2,41.216675,"C","S","Miss",4
"320",1,1,"female",40,1,1,26.9,"E","C","Mrs",5
"321",0,3,"male",22,0,0,7.25,"NO","S","Mr",1
"322",0,3,"male",27,0,0,7.8958,"NO","S","Mr",1
"323",1,2,"female",30,0,0,12.35,"NO","Q","Miss",1
"324",1,2,"female",22,1,1,9.66666666666667,"NO","S","Mrs",3
"325",0,3,"male",11,8,2,6.32272727272727,"NO","S","Mr",11
"326",1,1,"female",36,0,0,33.908325,"C","C","Miss",4
"327",0,3,"male",61,0,0,6.2375,"NO","S","Mr",1
"328",1,2,"female",36,0,0,13,"D","S","Mrs",1
"329",1,3,"female",31,1,1,6.84166666666667,"NO","S","Mrs",3
"330",1,1,"female",16,0,1,28.9896,"B","C","Miss",2
"331",1,3,"female",33,2,0,7.75,"NO","Q","Miss",3
"332",0,1,"male",45.5,0,0,28.5,"C","S","Mr",1
"333",0,1,"male",38,0,1,51.1541666666667,"C","S","Mr",3
"334",0,3,"male",16,2,0,9,"NO","S","Mr",2
"335",1,1,"female",23,1,0,66.825,"NO","S","Mrs",2
"336",0,3,"male",28,0,0,7.8958,"NO","S","Mr",1
"337",0,1,"male",29,1,0,33.3,"C","S","Mr",2
"338",1,1,"female",41,0,0,26.9,"E","C","Miss",5
"339",1,3,"male",45,0,0,8.05,"NO","S","Mr",1
"340",0,1,"male",45,0,0,35.5,"T","S","Mr",1
"341",1,2,"male",2,1,1,8.66666666666667,"F","S","Master",3
"342",1,1,"female",24,3,2,43.8333333333333,"C","S","Miss",6
"343",0,2,"male",28,0,0,13,"NO","S","Mr",1
"344",0,2,"male",25,0,0,13,"NO","S","Mr",1
"345",0,2,"male",36,0,0,13,"NO","S","Mr",1
"346",1,2,"female",24,0,0,13,"F","S","Miss",1
"347",1,2,"female",40,0,0,13,"NO","S","Miss",1
"348",1,3,"female",24,1,0,8.05,"NO","S","Mrs",2
"349",1,3,"male",3,1,1,5.3,"NO","S","Master",3
"350",0,3,"male",42,0,0,8.6625,"NO","S","Mr",1
"351",0,3,"male",23,0,0,9.225,"NO","S","Mr",1
"352",0,1,"male",47,0,0,35,"C","S","Mr",1
"353",0,3,"male",15,1,1,7.2292,"NO","C","Mr",1
"354",0,3,"male",25,1,0,8.9,"NO","S","Mr",2
"355",0,3,"male",40,0,0,7.225,"NO","C","Mr",1
"356",0,3,"male",28,0,0,9.5,"NO","S","Mr",1
"357",1,1,"female",22,0,1,27.5,"E","S","Miss",2
"358",0,2,"female",38,0,0,13,"NO","S","Miss",1
"359",1,3,"female",26,0,0,7.8792,"NO","Q","Miss",1
"360",1,3,"female",26,0,0,7.8792,"NO","Q","Miss",1
"361",0,3,"male",40,1,4,4.65,"NO","S","Mr",6
"362",0,2,"male",29,1,0,13.8604,"NO","C","Mr",2
"363",0,3,"female",45,0,1,7.2271,"NO","C","Mrs",2
"364",0,3,"male",35,0,0,7.05,"NO","S","Mr",1
"365",0,3,"male",32,1,0,7.75,"NO","Q","Mr",2
"366",0,3,"male",30,0,0,7.25,"NO","S","Mr",1
"367",1,1,"female",60,1,0,37.625,"D","C","Mrs",2
"368",1,3,"female",20,0,0,7.2292,"NO","C","Mrs",1
"369",1,3,"female",22,0,0,7.75,"NO","Q","Miss",1
"370",1,1,"female",24,0,0,34.65,"B","C","other",2
"371",1,1,"male",25,1,0,27.72085,"E","C","Mr",2
"372",0,3,"male",18,1,0,6.4958,"NO","S","Mr",1
"373",0,3,"male",19,0,0,8.05,"NO","S","Mr",1
"374",0,1,"male",22,0,0,33.908325,"NO","C","Mr",4
"375",0,3,"female",3,3,1,4.215,"NO","S","Miss",5
"376",1,1,"female",52,1,0,41.0854,"NO","C","Mrs",2
"377",1,3,"female",22,0,0,7.25,"NO","S","Miss",1
"378",0,1,"male",27,0,2,42.3,"C","C","Mr",5
"379",0,3,"male",20,0,0,4.0125,"NO","C","Mr",1
"380",0,3,"male",19,0,0,7.775,"NO","S","Mr",1
"381",1,1,"female",42,0,0,45.505,"NO","C","Miss",5
"382",1,3,"female",1,0,2,5.24723333333333,"NO","C","Miss",3
"383",0,3,"male",32,0,0,7.925,"NO","S","Mr",1
"384",1,1,"female",35,1,0,26,"NO","S","Mrs",2
"385",0,3,"male",28,0,0,7.8958,"NO","S","Mr",1
"386",0,2,"male",18,0,0,10.5,"NO","S","Mr",7
"387",0,3,"male",1,5,2,5.8625,"NO","S","Master",8
"388",1,2,"female",36,0,0,13,"NO","S","Miss",1
"389",0,3,"male",25,0,0,7.7292,"NO","Q","Mr",1
"390",1,2,"female",17,0,0,12,"NO","C","Miss",1
"391",1,1,"male",36,1,2,30,"B","S","Mr",4
"392",1,3,"male",21,0,0,7.7958,"NO","S","Mr",1
"393",0,3,"male",28,2,0,7.925,"NO","S","Mr",1
"394",1,1,"female",23,1,0,37.7583333333333,"D","C","Miss",3
"395",1,3,"female",24,0,2,5.56666666666667,"G","S","Mrs",3
"396",0,3,"male",22,0,0,7.7958,"NO","S","Mr",1
"397",0,3,"female",31,0,0,7.8542,"NO","S","Miss",1
"398",0,2,"male",46,0,0,13,"NO","S","Mr",2
"399",0,2,"male",23,0,0,10.5,"NO","S","other",1
"400",1,2,"female",28,0,0,12.65,"NO","S","Mrs",1
"401",1,3,"male",39,0,0,7.925,"NO","S","Mr",1
"402",0,3,"male",26,0,0,8.05,"NO","S","Mr",1
"403",0,3,"female",21,1,0,9.825,"NO","S","Miss",1
"404",0,3,"male",28,1,0,7.925,"NO","S","Mr",2
"405",0,3,"female",20,0,0,8.6625,"NO","S","Miss",1
"406",0,2,"male",34,1,0,10.5,"NO","S","Mr",2
"407",0,3,"male",51,0,0,7.75,"NO","S","Mr",1
"408",1,2,"male",3,1,1,6.25,"NO","S","Master",3
"409",0,3,"male",21,0,0,7.775,"NO","S","Mr",1
"410",0,3,"female",3,3,1,5.09334,"NO","S","Miss",5
"411",0,3,"male",28,0,0,7.8958,"NO","S","Mr",1
"412",0,3,"male",19,0,0,6.8583,"NO","Q","Mr",1
"413",1,1,"female",33,1,0,30,"C","Q","Miss",3
"414",0,2,"male",32,0,0,0,"NO","S","Mr",3
"415",1,3,"male",44,0,0,7.925,"NO","S","Mr",1
"416",0,3,"female",21,0,0,8.05,"NO","S","Mrs",1
"417",1,2,"female",34,1,1,10.8333333333333,"NO","S","Mrs",3
"418",1,2,"female",18,0,2,13,"NO","S","Miss",1
"419",0,2,"male",30,0,0,13,"NO","S","Mr",1
"420",0,3,"female",10,0,2,8.05,"NO","S","Miss",3
"421",0,3,"male",28,0,0,7.8958,"NO","C","Mr",1
"422",0,3,"male",21,0,0,7.7333,"NO","Q","Mr",1
"423",0,3,"male",29,0,0,7.875,"NO","S","Mr",1
"424",0,3,"female",28,1,1,4.8,"NO","S","Mrs",3
"425",0,3,"male",18,1,1,6.7375,"NO","S","Mr",3
"426",0,3,"male",22,0,0,7.25,"NO","S","Mr",1
"427",1,2,"female",28,1,0,13,"NO","S","Mrs",2
"428",1,2,"female",19,0,0,13,"NO","S","Miss",2
"429",0,3,"male",65,0,0,7.75,"NO","Q","Mr",1
"430",1,3,"male",32,0,0,8.05,"E","S","Mr",1
"431",1,1,"male",28,0,0,26.55,"C","S","Mr",1
"432",1,3,"female",24,1,0,8.05,"NO","S","Mrs",2
"433",1,2,"female",42,1,0,13,"NO","S","Mrs",2
"434",0,3,"male",17,0,0,7.125,"NO","S","Mr",1
"435",0,1,"male",50,1,0,27.95,"E","S","Mr",2
"436",1,1,"female",14,1,2,30,"B","S","Miss",4
"437",0,3,"female",21,2,2,6.875,"NO","S","Miss",5
"438",1,2,"female",24,2,3,6.25,"NO","S","Mrs",3
"439",0,1,"male",64,1,4,43.8333333333333,"C","S","Mr",6
"440",0,2,"male",31,0,0,10.5,"NO","S","Mr",1
"441",1,2,"female",45,1,1,8.75,"NO","S","Mrs",3
"442",0,3,"male",20,0,0,9.5,"NO","S","Mr",1
"443",0,3,"male",25,1,0,7.775,"NO","S","Mr",1
"444",1,2,"female",28,0,0,13,"NO","S","other",1
"445",1,3,"male",18,0,0,8.1125,"NO","S","Mr",1
"446",1,1,"male",4,0,2,27.2861,"A","S","Master",3
"447",1,2,"female",13,0,1,9.75,"NO","S","Miss",2
"448",1,1,"male",34,0,0,26.55,"NO","S","Mr",1
"449",1,3,"female",5,2,1,4.814575,"NO","C","Miss",4
"450",1,1,"male",52,0,0,30.5,"C","S","other",1
"451",0,2,"male",36,1,2,6.9375,"NO","S","Mr",4
"452",0,3,"male",25,1,0,19.9667,"NO","S","Mr",1
"453",0,1,"male",30,0,0,27.75,"C","C","Mr",1
"454",1,1,"male",49,1,0,44.5521,"C","C","Mr",2
"455",0,3,"male",21,0,0,8.05,"NO","S","Mr",1
"456",1,3,"male",29,0,0,7.8958,"NO","C","Mr",1
"457",0,1,"male",65,0,0,26.55,"E","S","Mr",1
"458",1,1,"female",42,1,0,25.93125,"D","S","Mrs",2
"459",1,2,"female",50,0,0,10.5,"NO","S","Miss",1
"460",0,3,"male",65,0,0,7.75,"NO","Q","Mr",1
"461",1,1,"male",48,0,0,26.55,"E","S","Mr",1
"462",0,3,"male",34,0,0,8.05,"NO","S","Mr",1
"463",0,1,"male",47,0,0,38.5,"E","S","Mr",1
"464",0,2,"male",48,0,0,13,"NO","S","Mr",1
"465",0,3,"male",21,0,0,8.05,"NO","S","Mr",1
"466",0,3,"male",38,0,0,7.05,"NO","S","Mr",1
"467",0,2,"male",32,0,0,0,"NO","S","Mr",3
"468",0,1,"male",56,0,0,26.55,"NO","S","Mr",1
"469",0,3,"male",25,0,0,7.725,"NO","Q","Mr",1
"470",1,3,"female",0.75,2,1,4.814575,"NO","C","Miss",4
"471",0,3,"male",22,0,0,7.25,"NO","S","Mr",1
"472",0,3,"male",38,0,0,8.6625,"NO","S","Mr",1
"473",1,2,"female",33,1,2,6.9375,"NO","S","Mrs",4
"474",1,2,"female",23,0,0,13.7917,"D","C","Mrs",1
"475",0,3,"female",22,0,0,9.8375,"NO","S","Miss",1
"476",0,1,"male",47,0,0,26,"A","S","Mr",2
"477",0,2,"male",34,1,0,10.5,"NO","S","Mr",2
"478",0,3,"male",29,1,0,7.0458,"NO","S","Mr",1
"479",0,3,"male",22,0,0,7.5208,"NO","S","Mr",1
"480",1,3,"female",2,0,1,6.14375,"NO","S","Miss",2
"481",0,3,"male",9,5,2,5.8625,"NO","S","Master",8
"482",0,2,"male",32,0,0,0,"NO","S","Mr",1
"483",0,3,"male",50,0,0,8.05,"NO","S","Mr",1
"484",1,3,"female",63,0,0,9.5875,"NO","S","Mrs",1
"485",1,1,"male",25,1,0,45.5396,"B","C","Mr",2
"486",0,3,"female",3,3,1,5.09334,"NO","S","Miss",5
"487",1,1,"female",35,1,0,45,"C","S","Mrs",2
"488",0,1,"male",58,0,0,29.7,"B","C","Mr",1
"489",0,3,"male",30,0,0,8.05,"NO","S","Mr",1
"490",1,3,"male",9,1,1,5.3,"NO","S","Master",3
"491",0,3,"male",25,1,0,19.9667,"NO","S","Mr",1
"492",0,3,"male",21,0,0,7.25,"NO","S","Mr",1
"493",0,1,"male",55,0,0,30.5,"C","S","Mr",1
"494",0,1,"male",71,0,0,49.5042,"NO","C","Mr",1
"495",0,3,"male",21,0,0,8.05,"NO","S","Mr",1
"496",0,3,"male",19,0,0,7.22915,"NO","C","Mr",2
"497",1,1,"female",54,1,0,39.13335,"D","C","Miss",2
"498",0,3,"male",19,0,0,7.55,"NO","S","Mr",2
"499",0,1,"female",25,1,2,25.2583333333333,"C","S","Mrs",6
"500",0,3,"male",24,0,0,7.7958,"NO","S","Mr",1
"501",0,3,"male",17,0,0,8.6625,"NO","S","Mr",1
"502",0,3,"female",21,0,0,7.75,"NO","Q","Miss",1
"503",0,3,"female",25,0,0,7.6292,"NO","Q","Miss",1
"504",0,3,"female",37,0,0,9.5875,"NO","S","Miss",1
"505",1,1,"female",16,0,0,28.8333333333333,"B","S","Miss",3
"506",0,1,"male",18,1,0,36.3,"C","C","Mr",3
"507",1,2,"female",33,0,2,8.66666666666667,"NO","S","Mrs",3
"508",1,1,"male",45,0,0,26.55,"NO","S","Mr",1
"509",0,3,"male",28,0,0,7.50833333333333,"NO","S","Mr",3
"510",1,3,"male",26,0,0,7.061975,"NO","S","Mr",8
"511",1,3,"male",29,0,0,7.75,"NO","Q","Mr",1
"512",0,3,"male",21,0,0,8.05,"NO","S","Mr",1
"513",1,1,"male",36,0,0,26.2875,"E","S","Mr",1
"514",1,1,"female",54,1,0,29.7,"NO","C","other",2
"515",0,3,"male",24,0,0,7.4958,"NO","S","Mr",1
"516",0,1,"male",47,0,0,34.0208,"D","S","Mr",1
"517",1,2,"female",34,0,0,10.5,"F","S","Mrs",1
"518",0,3,"male",28,0,0,8.05,"NO","Q","Mr",3
"519",1,2,"female",36,1,0,13,"NO","S","Mrs",2
"520",0,3,"male",32,0,0,7.8958,"NO","S","Mr",1
"521",1,1,"female",30,0,0,23.375,"B","S","Miss",4
"522",0,3,"male",22,0,0,7.8958,"NO","S","Mr",1
"523",0,3,"male",40,0,0,7.225,"NO","C","Mr",1
"524",1,1,"female",44,0,1,28.9896,"B","C","Mrs",2
"525",0,3,"male",23.5,0,0,7.2292,"NO","C","Mr",1
"526",0,3,"male",40.5,0,0,7.75,"NO","Q","Mr",1
"527",1,2,"female",50,0,0,10.5,"NO","S","Miss",1
"528",0,1,"male",24,0,0,55.4448,"C","S","Mr",4
"529",0,3,"male",39,0,0,7.925,"NO","S","Mr",1
"530",0,2,"male",23,2,1,11.5,"NO","S","Mr",1
"531",1,2,"female",2,1,1,8.66666666666667,"NO","S","Miss",3
"532",0,3,"male",23.5,0,0,7.2292,"NO","C","Mr",1
"533",0,3,"male",17,1,1,7.2292,"NO","C","Mr",1
"534",1,3,"female",9,0,2,7.45276666666667,"NO","C","Mrs",3
"535",0,3,"female",30,0,0,8.6625,"NO","S","Miss",1
"536",1,2,"female",7,0,2,8.75,"NO","S","Miss",3
"537",0,1,"male",45,0,0,26.55,"B","S","other",1
"538",1,1,"female",30,0,0,35.475,"NO","C","Miss",3
"539",0,3,"male",19,0,0,7.25,"NO","S","Mr",2
"540",1,1,"female",22,0,2,49.5,"B","C","Miss",1
"541",1,1,"female",36,0,2,35.5,"B","S","Miss",2
"542",0,3,"female",9,4,2,4.46785714285714,"NO","S","Miss",7
"543",0,3,"female",11,4,2,4.46785714285714,"NO","S","Miss",7
"544",1,2,"male",32,1,0,13,"NO","S","Mr",2
"545",0,1,"male",50,1,0,35.475,"C","C","Mr",3
"546",0,1,"male",64,0,0,26,"NO","S","Mr",1
"547",1,2,"female",19,1,0,13,"NO","S","Mrs",2
"548",1,2,"male",34,0,0,13.8625,"NO","C","Mr",1
"549",0,3,"male",33,1,1,6.84166666666667,"NO","S","Mr",3
"550",1,2,"male",8,1,1,9.1875,"NO","S","Master",4
"551",1,1,"male",17,0,2,27.720825,"C","C","Mr",4
"552",0,2,"male",27,0,0,13,"NO","S","Mr",2
"553",0,3,"male",20,0,0,7.8292,"NO","Q","Mr",1
"554",1,3,"male",22,0,0,7.225,"NO","C","Mr",1
"555",1,3,"female",22,0,0,7.775,"NO","S","Miss",1
"556",0,1,"male",62,0,0,26.55,"NO","S","Mr",1
"557",1,1,"female",48,1,0,39.6,"A","C","other",1
"558",0,1,"male",24,0,0,45.505,"NO","C","Mr",5
"559",1,1,"female",39,1,1,26.55,"E","S","Mrs",3
"560",1,3,"female",36,1,0,8.7,"NO","S","Mrs",2
"561",0,3,"male",65,0,0,7.75,"NO","Q","Mr",1
"562",0,3,"male",40,0,0,7.8958,"NO","S","Mr",1
"563",0,2,"male",28,0,0,13.5,"NO","S","Mr",1
"564",0,3,"male",21,0,0,8.05,"NO","S","Mr",1
"565",0,3,"female",21,0,0,8.05,"NO","S","Miss",1
"566",0,3,"male",24,2,0,8.05,"NO","S","Mr",3
"567",0,3,"male",19,0,0,7.8958,"NO","S","Mr",1
"568",0,3,"female",29,0,4,4.215,"NO","S","Mrs",5
"569",0,3,"male",23.5,0,0,7.2292,"NO","C","Mr",1
"570",1,3,"male",32,0,0,7.8542,"NO","S","Mr",1
"571",1,2,"male",62,0,0,10.5,"NO","S","Mr",1
"572",1,1,"female",53,2,0,25.7396,"C","S","Mrs",2
"573",1,1,"male",36,0,0,26.3875,"E","S","Mr",1
"574",1,3,"female",22,0,0,7.75,"NO","Q","Miss",1
"575",0,3,"male",16,0,0,8.05,"NO","S","Mr",1
"576",0,3,"male",19,0,0,7.25,"NO","S","Mr",2
"577",1,2,"female",34,0,0,13,"NO","S","Miss",1
"578",1,1,"female",39,1,0,27.95,"E","S","Mrs",2
"579",0,3,"female",26,1,0,7.22915,"NO","C","Mrs",2
"580",1,3,"male",32,0,0,7.925,"NO","S","Mr",1
"581",1,2,"female",25,1,1,15,"NO","S","Miss",2
"582",1,1,"female",39,1,1,27.720825,"C","C","Mrs",4
"583",0,2,"male",54,0,0,13,"NO","S","Mr",2
"584",0,1,"male",36,0,0,40.125,"A","C","Mr",1
"585",0,3,"male",33,0,0,8.7125,"NO","C","Mr",1
"586",1,1,"female",18,0,2,26.55,"E","S","Miss",3
"587",0,2,"male",47,0,0,15,"NO","S","Mr",1
"588",1,1,"male",60,1,1,39.6,"B","C","Mr",2
"589",0,3,"male",22,0,0,8.05,"NO","S","Mr",1
"590",0,3,"male",21,0,0,8.05,"NO","S","Mr",1
"591",0,3,"male",35,0,0,7.125,"NO","S","Mr",1
"592",1,1,"female",52,1,0,39.13335,"D","C","Mrs",2
"593",0,3,"male",47,0,0,7.25,"NO","S","Mr",1
"594",0,3,"female",40.5,0,2,7.75,"NO","Q","Miss",1
"595",0,2,"male",37,1,0,13,"NO","S","Mr",2
"596",0,3,"male",36,1,1,8.05,"NO","S","Mr",3
"597",1,2,"female",35,0,0,11,"NO","S","Miss",3
"598",0,3,"male",49,0,0,0,"NO","S","Mr",4
"599",0,3,"male",40,0,0,7.225,"NO","C","Mr",1
"600",1,1,"male",49,1,0,28.4646,"A","C","other",2
"601",1,2,"female",24,2,1,13.5,"NO","S","Mrs",2
"602",0,3,"male",28,0,0,7.8958,"NO","S","Mr",1
"603",0,1,"male",36,0,0,21.2,"NO","S","Mr",2
"604",0,3,"male",44,0,0,8.05,"NO","S","Mr",1
"605",1,1,"male",35,0,0,26.55,"NO","C","Mr",1
"606",0,3,"male",36,1,0,7.775,"NO","S","Mr",2
"607",0,3,"male",30,0,0,7.8958,"NO","S","Mr",1
"608",1,1,"male",27,0,0,30.5,"NO","S","Mr",1
"609",1,2,"female",22,1,2,10.3948,"NO","C","Mrs",4
"610",1,1,"female",40,0,0,51.1541666666667,"C","S","Miss",3
"611",0,3,"female",39,1,5,4.46785714285714,"NO","S","Mrs",7
"612",0,3,"male",24,0,0,7.05,"NO","S","Mr",1
"613",1,3,"female",24,1,0,7.75,"NO","Q","Miss",2
"614",0,3,"male",65,0,0,7.75,"NO","Q","Mr",1
"615",0,3,"male",35,0,0,8.05,"NO","S","Mr",1
"616",1,2,"female",24,1,2,13,"NO","S","Miss",5
"617",0,3,"male",34,1,1,4.8,"NO","S","Mr",3
"618",0,3,"female",26,1,0,8.05,"NO","S","Mrs",2
"619",1,2,"female",4,2,1,9.75,"F","S","Miss",4
"620",0,2,"male",26,0,0,10.5,"NO","S","Mr",1
"621",0,3,"male",27,1,0,7.2271,"NO","C","Mr",2
"622",1,1,"male",42,1,0,26.2771,"D","S","Mr",2
"623",1,3,"male",20,1,1,5.24723333333333,"NO","C","Mr",3
"624",0,3,"male",21,0,0,7.8542,"NO","S","Mr",1
"625",0,3,"male",21,0,0,8.05,"NO","S","Mr",2
"626",0,1,"male",61,0,0,32.3208,"D","S","Mr",1
"627",0,2,"male",57,0,0,12.35,"NO","Q","other",1
"628",1,1,"female",21,0,0,25.9861,"D","S","Miss",3
"629",0,3,"male",26,0,0,7.8958,"NO","S","Mr",1
"630",0,3,"male",25,0,0,7.7333,"NO","Q","Mr",1
"631",1,1,"male",80,0,0,30,"A","S","Mr",1
"632",0,3,"male",51,0,0,7.0542,"NO","S","Mr",1
"633",1,1,"male",32,0,0,30.5,"B","C","other",1
"634",0,1,"male",39,0,0,0,"NO","S","Mr",1
"635",0,3,"female",9,3,2,4.65,"NO","S","Miss",6
"636",1,2,"female",28,0,0,13,"NO","S","Miss",1
"637",0,3,"male",32,0,0,7.925,"NO","S","Mr",1
"638",0,2,"male",31,1,1,8.75,"NO","S","Mr",3
"639",0,3,"female",41,0,5,5.66964285714286,"NO","S","Mrs",7
"640",0,3,"male",26,1,0,8.05,"NO","S","Mr",2
"641",0,3,"male",20,0,0,7.8542,"NO","S","Mr",1
"642",1,1,"female",24,0,0,34.65,"B","C","other",2
"643",0,3,"female",2,3,2,4.65,"NO","S","Miss",6
"644",1,3,"male",32,0,0,7.061975,"NO","S","Mr",8
"645",1,3,"female",0.75,2,1,4.814575,"NO","C","Miss",4
"646",1,1,"male",48,1,0,25.5764,"D","C","Mr",3
"647",0,3,"male",19,0,0,7.8958,"NO","S","Mr",1
"648",1,1,"male",56,0,0,35.5,"A","C","other",1
"649",0,3,"male",24,0,0,7.55,"NO","S","Mr",1
"650",1,3,"female",23,0,0,7.55,"NO","S","Miss",1
"651",0,3,"male",28,0,0,7.8958,"NO","S","Mr",1
"652",1,2,"female",18,0,1,11.5,"NO","S","Miss",2
"653",0,3,"male",21,0,0,8.4333,"NO","S","Mr",1
"654",1,3,"female",27,0,0,7.8292,"NO","Q","Miss",1
"655",0,3,"female",18,0,0,6.75,"NO","Q","Miss",1
"656",0,2,"male",24,2,0,10.5,"NO","S","Mr",7
"657",0,3,"male",28,0,0,7.8958,"NO","S","Mr",1
"658",0,3,"female",32,1,1,7.75,"NO","Q","Mrs",2
"659",0,2,"male",23,0,0,13,"NO","S","Mr",1
"660",0,1,"male",58,0,2,37.7583333333333,"D","C","Mr",3
"661",1,1,"male",50,2,0,66.825,"NO","S","other",2
"662",0,3,"male",40,0,0,7.225,"NO","C","Mr",1
"663",0,1,"male",47,0,0,25.5875,"E","S","Mr",1
"664",0,3,"male",36,0,0,7.4958,"NO","S","Mr",1
"665",1,3,"male",20,1,0,7.925,"NO","S","Mr",1
"666",0,2,"male",32,2,0,10.5,"NO","S","Mr",7
"667",0,2,"male",25,0,0,13,"NO","S","Mr",1
"668",0,3,"male",26,0,0,7.775,"NO","S","Mr",1
"669",0,3,"male",43,0,0,8.05,"NO","S","Mr",1
"670",1,1,"female",42,1,0,26,"C","S","Mrs",2
"671",1,2,"female",40,1,1,13,"NO","S","Mrs",3
"672",0,1,"male",31,1,0,26,"B","S","Mr",2
"673",0,2,"male",70,0,0,10.5,"NO","S","Mr",1
"674",1,2,"male",31,0,0,13,"NO","S","Mr",1
"675",0,2,"male",32,0,0,0,"NO","S","Mr",1
"676",0,3,"male",18,0,0,7.775,"NO","S","Mr",1
"677",0,3,"male",24.5,0,0,8.05,"NO","S","Mr",1
"678",1,3,"female",18,0,0,9.8417,"NO","S","Miss",1
"679",0,3,"female",43,1,6,5.8625,"NO","S","Mrs",8
"680",1,1,"male",36,0,1,128.0823,"B","C","Mr",4
"681",0,3,"female",20,0,0,8.1375,"NO","Q","Miss",1
"682",1,1,"male",27,0,0,25.5764,"D","C","Mr",3
"683",0,3,"male",20,0,0,9.225,"NO","S","Mr",1
"684",0,3,"male",14,5,2,5.8625,"NO","S","Mr",8
"685",0,2,"male",60,1,1,13,"NO","S","Mr",3
"686",0,2,"male",25,1,2,10.3948,"NO","C","Mr",4
"687",0,3,"male",14,4,1,5.66964285714286,"NO","S","Mr",7
"688",0,3,"male",19,0,0,10.1708,"NO","S","Mr",1
"689",0,3,"male",18,0,0,7.7958,"NO","S","Mr",1
"690",1,1,"female",15,0,1,52.834375,"B","S","Miss",4
"691",1,1,"male",31,1,0,28.5,"B","S","Mr",2
"692",1,3,"female",4,0,1,6.70835,"NO","C","Miss",2
"693",1,3,"male",32,0,0,7.061975,"NO","S","Mr",8
"694",0,3,"male",25,0,0,7.225,"NO","C","Mr",1
"695",0,1,"male",60,0,0,26.55,"NO","S","other",1
"696",0,2,"male",52,0,0,13.5,"NO","S","Mr",1
"697",0,3,"male",44,0,0,8.05,"NO","S","Mr",1
"698",1,3,"female",16,0,0,7.7333,"NO","Q","Miss",1
"699",0,1,"male",49,1,1,27.720825,"C","C","Mr",4
"700",0,3,"male",42,0,0,7.65,"F","S","Mr",1
"701",1,1,"female",18,1,0,45.505,"C","C","Mrs",5
"702",1,1,"male",35,0,0,26.2875,"E","S","Mr",1
"703",0,3,"female",18,0,1,7.2271,"NO","C","Miss",2
"704",0,3,"male",25,0,0,7.7417,"NO","Q","Mr",1
"705",0,3,"male",26,1,0,7.8542,"NO","S","Mr",1
"706",0,2,"male",39,0,0,13,"NO","S","Mr",2
"707",1,2,"female",45,0,0,13.5,"NO","S","Mrs",1
"708",1,1,"male",42,0,0,26.2875,"E","S","Mr",1
"709",1,1,"female",22,0,0,25.2583333333333,"NO","S","Miss",6
"710",1,3,"male",9,1,1,5.08193333333333,"NO","C","Master",3
"711",1,1,"female",24,0,0,49.5042,"C","C","other",1
"712",0,1,"male",62,0,0,26.55,"C","S","Mr",1
"713",1,1,"male",48,1,0,26,"C","S","Mr",2
"714",0,3,"male",29,0,0,9.4833,"NO","S","Mr",1
"715",0,2,"male",52,0,0,6.5,"NO","S","Mr",2
"716",0,3,"male",19,0,0,7.65,"F","S","Mr",1
"717",1,1,"female",38,0,0,45.505,"C","C","Miss",5
"718",1,2,"female",27,0,0,10.5,"E","S","Miss",1
"719",0,3,"male",21,0,0,7.75,"NO","Q","Mr",2
"720",0,3,"male",33,0,0,7.775,"NO","S","Mr",1
"721",1,2,"female",6,0,1,11,"NO","S","Miss",3
"722",0,3,"male",17,1,0,7.0542,"NO","S","Mr",1
"723",0,2,"male",34,0,0,13,"NO","S","Mr",1
"724",0,2,"male",50,0,0,13,"NO","S","Mr",1
"725",1,1,"male",27,1,0,26.55,"E","S","Mr",2
"726",0,3,"male",20,0,0,8.6625,"NO","S","Mr",1
"727",1,2,"female",30,3,0,10.5,"NO","S","Mrs",2
"728",1,3,"female",16,0,0,7.7375,"NO","Q","Miss",1
"729",0,2,"male",25,1,0,13,"NO","S","Mr",2
"730",0,3,"female",25,1,0,7.925,"NO","S","Miss",1
"731",1,1,"female",29,0,0,52.834375,"B","S","Miss",4
"732",0,3,"male",11,0,0,9.39375,"NO","C","Mr",2
"733",0,2,"male",32,0,0,0,"NO","S","Mr",1
"734",0,2,"male",23,0,0,13,"NO","S","Mr",1
"735",0,2,"male",23,0,0,13,"NO","S","Mr",1
"736",0,3,"male",28.5,0,0,8.05,"NO","S","Mr",2
"737",0,3,"female",48,1,3,6.875,"NO","S","Mrs",5
"738",1,1,"male",35,0,0,128.0823,"B","C","Mr",4
"739",0,3,"male",28,0,0,7.8958,"NO","S","Mr",1
"740",0,3,"male",28,0,0,7.8958,"NO","S","Mr",1
"741",1,1,"male",26,0,0,30,"D","S","Mr",1
"742",0,1,"male",36,1,0,26.2833333333333,"C","S","Mr",3
"743",1,1,"female",21,2,2,37.4821428571429,"B","C","Miss",7
"744",0,3,"male",24,1,0,8.05,"NO","S","Mr",2
"745",1,3,"male",31,0,0,7.925,"NO","S","Mr",1
"746",0,1,"male",70,1,1,35.5,"B","S","other",2
"747",0,3,"male",16,1,1,6.75,"NO","S","Mr",3
"748",1,2,"female",30,0,0,13,"NO","S","Miss",1
"749",0,1,"male",19,1,0,26.55,"D","S","Mr",2
"750",0,3,"male",31,0,0,7.75,"NO","Q","Mr",1
"751",1,2,"female",4,1,1,7.66666666666667,"NO","S","Miss",3
"752",1,3,"male",6,0,1,6.2375,"E","S","Master",2
"753",0,3,"male",33,0,0,9.5,"NO","S","Mr",1
"754",0,3,"male",23,0,0,7.8958,"NO","S","Mr",1
"755",1,2,"female",48,1,2,13,"NO","S","Mrs",5
"756",1,2,"male",0.67,1,1,7.25,"NO","S","Master",2
"757",0,3,"male",28,0,0,7.7958,"NO","S","Mr",1
"758",0,2,"male",18,0,0,11.5,"NO","S","Mr",1
"759",0,3,"male",34,0,0,8.05,"NO","S","Mr",1
"760",1,1,"female",33,0,0,28.8333333333333,"B","S","other",3
"761",0,3,"male",19,0,0,7.25,"NO","S","Mr",2
"762",0,3,"male",41,0,0,7.125,"NO","S","Mr",1
"763",1,3,"male",20,0,0,7.2292,"NO","C","Mr",1
"764",1,1,"female",36,1,2,30,"B","S","Mrs",4
"765",0,3,"male",16,0,0,7.775,"NO","S","Mr",1
"766",1,1,"female",51,1,0,25.9861,"D","S","Mrs",3
"767",0,1,"male",45,0,0,39.6,"NO","C","other",1
"768",0,3,"female",30.5,0,0,7.75,"NO","Q","Miss",1
"769",0,3,"male",25,1,0,8.05,"NO","Q","Mr",3
"770",0,3,"male",32,0,0,8.3625,"NO","S","Mr",1
"771",0,3,"male",24,0,0,9.5,"NO","S","Mr",1
"772",0,3,"male",48,0,0,7.8542,"NO","S","Mr",1
"773",0,2,"female",57,0,0,5.25,"E","S","Mrs",2
"774",0,3,"male",40,0,0,7.225,"NO","C","Mr",1
"775",1,2,"female",54,1,3,11.5,"NO","S","Mrs",2
"776",0,3,"male",18,0,0,7.75,"NO","S","Mr",1
"777",0,3,"male",65,0,0,7.75,"F","Q","Mr",1
"778",1,3,"female",5,0,0,6.2375,"NO","S","Miss",2
"779",0,3,"male",25,0,0,7.7375,"NO","Q","Mr",1
"780",1,1,"female",43,0,1,52.834375,"B","S","Mrs",4
"781",1,3,"female",13,0,0,7.2292,"NO","C","Miss",1
"782",1,1,"female",17,1,0,28.5,"B","S","Mrs",2
"783",0,1,"male",29,0,0,30,"D","S","Mr",1
"784",0,3,"male",26,1,2,5.8625,"NO","S","Mr",4
"785",0,3,"male",25,0,0,7.05,"NO","S","Mr",1
"786",0,3,"male",25,0,0,7.25,"NO","S","Mr",1
"787",1,3,"female",18,0,0,7.4958,"NO","S","Miss",1
"788",0,3,"male",8,4,1,4.85416666666667,"NO","Q","Master",6
"789",1,3,"male",1,1,2,5.14375,"NO","S","Master",4
"790",0,1,"male",46,0,0,39.6,"B","C","Mr",2
"791",0,3,"male",65,0,0,7.75,"NO","Q","Mr",1
"792",0,2,"male",16,0,0,13,"NO","S","Mr",2
"793",0,3,"female",11,8,2,6.32272727272727,"NO","S","Miss",11
"794",0,1,"male",55,0,0,30.6958,"NO","C","Mr",1
"795",0,3,"male",25,0,0,7.8958,"NO","S","Mr",1
"796",0,2,"male",39,0,0,13,"NO","S","Mr",1
"797",1,1,"female",49,0,0,25.9292,"D","S","other",1
"798",1,3,"female",31,0,0,8.6833,"NO","S","Mrs",1
"799",0,3,"male",30,0,0,7.2292,"NO","C","Mr",1
"800",0,3,"female",30,1,1,8.05,"NO","S","Mrs",3
"801",0,2,"male",34,0,0,6.5,"NO","S","Mr",2
"802",1,2,"female",31,1,1,8.75,"NO","S","Mrs",3
"803",1,1,"male",11,1,2,30,"B","S","Master",4
"804",1,3,"male",0.42,0,1,4.25835,"NO","C","Master",2
"805",1,3,"male",27,0,0,6.975,"NO","S","Mr",1
"806",0,3,"male",31,0,0,7.775,"NO","S","Mr",1
"807",0,1,"male",39,0,0,0,"A","S","Mr",1
"808",0,3,"female",18,0,0,7.775,"NO","S","Miss",1
"809",0,2,"male",39,0,0,13,"NO","S","Mr",1
"810",1,1,"female",33,1,0,26.55,"E","S","Mrs",2
"811",0,3,"male",26,0,0,7.8875,"NO","S","Mr",1
"812",0,3,"male",39,0,0,8.05,"NO","S","Mr",3
"813",0,2,"male",35,0,0,10.5,"NO","S","Mr",1
"814",0,3,"female",6,4,2,4.46785714285714,"NO","S","Miss",7
"815",0,3,"male",30.5,0,0,8.05,"NO","S","Mr",1
"816",0,1,"male",39,0,0,0,"B","S","Mr",2
"817",0,3,"female",23,0,0,7.925,"NO","S","Miss",1
"818",0,2,"male",31,1,1,12.3347333333333,"NO","C","Mr",3
"819",0,3,"male",43,0,0,6.45,"NO","S","Mr",1
"820",0,3,"male",10,3,2,4.65,"NO","S","Master",6
"821",1,1,"female",52,1,1,23.375,"B","S","Mrs",4
"822",1,3,"male",27,0,0,8.6625,"NO","S","Mr",1
"823",0,1,"male",38,0,0,0,"NO","S","other",1
"824",1,3,"female",27,0,1,6.2375,"E","S","Mrs",2
"825",0,3,"male",2,4,1,5.66964285714286,"NO","S","Master",7
"826",0,3,"male",24,0,0,6.95,"NO","Q","Mr",1
"827",0,3,"male",28,0,0,7.061975,"NO","S","Mr",8
"828",1,2,"male",1,0,2,12.3347333333333,"NO","C","Master",3
"829",1,3,"male",22,0,0,7.75,"NO","Q","Mr",1
"830",1,1,"female",62,0,0,40,"B","S","Mrs",2
"831",1,3,"female",15,1,0,7.2271,"NO","C","Mrs",2
"832",1,2,"male",0.83,1,1,6.25,"NO","S","Master",3
"833",0,3,"male",23.5,0,0,7.2292,"NO","C","Mr",1
"834",0,3,"male",23,0,0,7.8542,"NO","S","Mr",1
"835",0,3,"male",18,0,0,8.3,"NO","S","Mr",1
"836",1,1,"female",39,1,1,27.7194333333333,"E","C","Miss",3
"837",0,3,"male",21,0,0,8.6625,"NO","S","Mr",1
"838",0,3,"male",21,0,0,8.05,"NO","S","Mr",1
"839",1,3,"male",32,0,0,7.061975,"NO","S","Mr",8
"840",1,1,"male",26,0,0,29.7,"C","C","Mr",1
"841",0,3,"male",20,0,0,7.925,"NO","S","Mr",1
"842",0,2,"male",16,0,0,5.25,"NO","S","Mr",2
"843",1,1,"female",30,0,0,15.5,"NO","C","Miss",2
"844",0,3,"male",34.5,0,0,6.4375,"NO","C","Mr",1
"845",0,3,"male",17,0,0,8.6625,"NO","S","Mr",1
"846",0,3,"male",42,0,0,7.55,"NO","S","Mr",1
"847",0,3,"male",11,8,2,6.32272727272727,"NO","S","Mr",11
"848",0,3,"male",35,0,0,7.8958,"NO","C","Mr",1
"849",0,2,"male",28,0,1,11,"NO","S","other",3
"850",1,1,"female",38,1,0,44.5521,"C","C","Mrs",2
"851",0,3,"male",4,4,2,4.46785714285714,"NO","S","Master",7
"852",0,3,"male",74,0,0,7.775,"NO","S","Mr",1
"853",0,3,"female",9,1,1,5.08193333333333,"NO","C","Miss",3
"854",1,1,"female",16,0,1,19.7,"D","S","Miss",2
"855",0,2,"female",44,1,0,13,"NO","S","Mrs",2
"856",1,3,"female",18,0,1,4.675,"NO","S","Mrs",2
"857",1,1,"female",45,1,1,41.216675,"NO","S","Mrs",4
"858",1,1,"male",51,0,0,26.55,"E","S","Mr",1
"859",1,3,"female",24,0,3,4.814575,"NO","C","Mrs",4
"860",0,3,"male",23.5,0,0,7.2292,"NO","C","Mr",1
"861",0,3,"male",41,2,0,7.05415,"NO","S","Mr",2
"862",0,2,"male",21,1,0,11.5,"NO","S","Mr",1
"863",1,1,"female",48,0,0,25.9292,"D","S","Mrs",1
"864",0,3,"female",11,8,2,6.32272727272727,"NO","S","Miss",11
"865",0,2,"male",24,0,0,13,"NO","S","Mr",1
"866",1,2,"female",42,0,0,13,"NO","S","Mrs",1
"867",1,2,"female",27,1,0,13.8583,"NO","C","Miss",1
"868",0,1,"male",31,0,0,50.4958,"A","S","Mr",1
"869",0,3,"male",28,0,0,9.5,"NO","S","Mr",1
"870",1,3,"male",4,1,1,3.7111,"NO","S","Master",3
"871",0,3,"male",26,0,0,7.8958,"NO","S","Mr",1
"872",1,1,"female",47,1,1,26.2771,"D","S","Mrs",2
"873",0,1,"male",33,0,0,5,"B","S","Mr",1
"874",0,3,"male",47,0,0,9,"NO","S","Mr",1
"875",1,2,"female",28,1,0,12,"NO","C","Mrs",2
"876",1,3,"female",15,0,0,7.225,"NO","C","Miss",1
"877",0,3,"male",20,0,0,4.9229,"NO","S","Mr",2
"878",0,3,"male",19,0,0,7.8958,"NO","S","Mr",1
"879",0,3,"male",28,0,0,7.8958,"NO","S","Mr",1
"880",1,1,"female",56,0,1,27.7194333333333,"C","C","Mrs",3
"881",1,2,"female",25,0,1,13,"NO","S","Mrs",2
"882",0,3,"male",33,0,0,7.8958,"NO","S","Mr",1
"883",0,3,"female",22,0,0,10.5167,"NO","S","Miss",1
"884",0,2,"male",28,0,0,10.5,"NO","S","Mr",1
"885",0,3,"male",25,0,0,7.05,"NO","S","Mr",1
"886",0,3,"female",39,0,5,4.85416666666667,"NO","Q","Mrs",6
"887",0,2,"male",27,0,0,13,"NO","S","other",1
"888",1,1,"female",19,0,0,30,"B","S","Miss",1
"889",0,3,"female",26,1,2,5.8625,"NO","S","Miss",4
"890",1,1,"male",26,0,0,30,"C","C","Mr",1
"891",0,3,"male",32,0,0,7.75,"NO","Q","Mr",1
